<?xml version="1.0" encoding="UTF-8"?>
<project-private xmlns="http://www.netbeans.org/ns/project-private/1">
    <editor-bookmarks xmlns="http://www.netbeans.org/ns/editor-bookmarks/2" lastBookmarkId="0"/>
    <open-files xmlns="http://www.netbeans.org/ns/projectui-open-files/2">
        <group>
            <file>file:/D:/_git/UofCencm369/2021_ENCM369/main.c</file>
            <file>file:/D:/_git/UofCencm369/2021_ENCM369/interrupts.c</file>
            <file>file:/D:/_git/UofCencm369/2021_ENCM369/user_app.c</file>
            <file>file:/D:/_git/UofCencm369/2021_ENCM369/music.h</file>
            <file>file:/D:/_git/UofCencm369/2021_ENCM369/encm369_pic18.c</file>
        </group>
    </open-files>
</project-private>
